names,phone_numbers
patricia,+77716188458
kim,+77775998502
william,+77059023122
michael,+77715106860
tyler,+77750012502
jerome,+77054647582
christopher,+77080017143
kristina,+77715354636
steven,+77710017103
jenna,+77052828955
ashley,+77712944686
jonathan,+77085797704
patricia,+77714502981
michael,+77771670871
shelley,+77083432054
brian,+77751936387
sabrina,+77755277080
nicholas,+77773235262
taylor,+77716253176
vicki,+77073453454
rachel,+77071260395
william,+77753999820
austin,+77753847528
david,+77070017553
anthony,+77070019287
andre,+77077369274
jeffrey,+77757053485
melissa,+77773223005
sarah,+77750013523
frank,+77776724934
robert,+77072048434
ryan,+77759125162
christine,+77070017389
julie,+77084133622
jimmy,+77770015382
thomas,+77755186214
hannah,+77083119099
eric,+77770016506
andrew,+77756632498
paul,+77714059218
jennifer,+77058848136
denise,+77055414325
rachel,+77717212951
jessica,+77070019919
luke,+77080019764
allison,+77776442782
john,+77051230702
laurie,+77771391356
melissa,+77710017779
aaron,+77775944096
lisa,+77759594443
tommy,+77086122416
miguel,+77773592303
stephanie,+77051356847
nicole,+77084056723
jacob,+77756798247
ryan,+77777765609
kathryn,+77050017043
jill,+77755587075
rebecca,+77077192889
jasmine,+77056432352
kyle,+77058093694
billy,+77750015813
cathy,+77716899265
victor,+77776546260
christopher,+77758315034
christopher,+77711581268
tiffany,+77717654177
dylan,+77710013759
madison,+77056819050
carl,+77080018074
john,+77050013049
shawna,+77755095498
jennifer,+77076242769
brandon,+77080018266
andrea,+77756179141
ernest,+77716256859
hannah,+77713388977
nicholas,+77772867194
robin,+77712217587
maria,+77771560342
kristina,+77070014823
alexander,+77058523516
carmen,+77077405618
ryan,+77071289437
michael,+77081844330
paul,+77056527075
caleb,+77759375764
robert,+77757986908
brandon,+77086944556
david,+77714852649
mary,+77072087595
brenda,+77054367684
aaron,+77075072873
danielle,+77052607249
robert,+77059233199
elizabeth,+77713242299
cindy,+77055294768
adam,+77754706303
michael,+77053076018
